{
  "game": "minecraft",
  "formatVersion": 1,
  "versionId": "1.0.0",
  "name": "Create Live 6",
  "summary": "1.21.1, NeoForge 21.1.172",
  "files": [
    {
      "path": "mods/architectury-13.0.8-neoforge.jar",
      "hashes": {
        "sha1": "6ca11d3cc136bf69bb8f4d56982481eb85b5100b",
        "sha512": "65e3664953385d880320dd6bb818bcb96d361c07c53e2a7f65e64c6a47720ee26b233224ae9cad465ef0b2bbaefdaf30fb0175a983cecd91de058817d6fcf57e"
      },
      "downloads": [
        "https://cdn.modrinth.com/data/lhGA9TYQ/versions/ZxYGwlk0/architectury-13.0.8-neoforge.jar",
        "https://mediafilez.forgecdn.net/files/5786/327/architectury-13.0.8-neoforge.jar",
        "https://media.forgecdn.net/files/5786/327/architectury-13.0.8-neoforge.jar",
        "https://edge.forgecdn.net/files/5786/327/architectury-13.0.8-neoforge.jar"
      ],
      "fileSize": 584004
    },
    {
      "path": "mods/ars_nouveau-1.21.1-5.8.6.jar",
      "hashes": {
        "sha1": "415bc92bbe122436ff529c87dda538550b725d7f",
        "sha512": "0f6795960afa565daf7abfa3ab87bbb6f00eee89431bca90c36586a50142dc38654c5cbce97cd20527b7d2a9e622ccd4104ab390e52b2c9d928d08331ea5cbef"
      },
      "downloads": [
        "https://cdn.modrinth.com/data/TKB6INcv/versions/qVheh4H2/ars_nouveau-1.21.1-5.8.6.jar",
        "https://mediafilez.forgecdn.net/files/6647/297/ars_nouveau-1.21.1-5.8.6.jar",
        "https://media.forgecdn.net/files/6647/297/ars_nouveau-1.21.1-5.8.6.jar",
        "https://edge.forgecdn.net/files/6647/297/ars_nouveau-1.21.1-5.8.6.jar"
      ],
      "fileSize": 19858694
    },
    {
      "path": "mods/cloth-config-15.0.140-neoforge.jar",
      "hashes": {
        "sha1": "c3e5733ba4503b102589a026000fd5ce0212f6f2",
        "sha512": "aaf9b010955b8cd294e5a92f069985b18729fd5e2cf22d351f1dff9680f15488688803ec41e77e941cbde130ceb535014ca4c868047d80ab69c2d508e216654d"
      },
      "downloads": [
        "https://cdn.modrinth.com/data/9s6osm5g/versions/izKINKFg/cloth-config-15.0.140-neoforge.jar",
        "https://mediafilez.forgecdn.net/files/5729/127/cloth-config-15.0.140-neoforge.jar",
        "https://media.forgecdn.net/files/5729/127/cloth-config-15.0.140-neoforge.jar",
        "https://edge.forgecdn.net/files/5729/127/cloth-config-15.0.140-neoforge.jar"
      ],
      "fileSize": 1163890
    },
    {
      "path": "mods/Clumps-neoforge-1.21.1-19.0.0.1.jar",
      "hashes": {
        "sha1": "fa2576297c7bd12b28aa7070e8141792bd66da4c",
        "sha512": "314d8d8e640d73041f27e0f3f2cad7aad8b4c77dbd7fb31700ef7760362261f77085eed5289555c725d99c3f47a114e7290cd608f39c9f0f12ef74958463bdcc"
      },
      "downloads": [
        "https://cdn.modrinth.com/data/Wnxd13zP/versions/jo7lDoK4/Clumps-neoforge-1.21.1-19.0.0.1.jar",
        "https://mediafilez.forgecdn.net/files/5623/731/Clumps-neoforge-1.21.1-19.0.0.1.jar",
        "https://media.forgecdn.net/files/5623/731/Clumps-neoforge-1.21.1-19.0.0.1.jar",
        "https://edge.forgecdn.net/files/5623/731/Clumps-neoforge-1.21.1-19.0.0.1.jar"
      ],
      "fileSize": 18382
    },
    {
      "path": "mods/Controlling-neoforge-1.21.1-19.0.5.jar",
      "hashes": {
        "sha1": "8a34424fc1428778be2fdbfa4da67b21b70bcbfe",
        "sha512": "bd01b2a38a869ea38e5f2a8fcd601e67ea9b132b9883c6ae752bc35dff6e94f6d47b965e31c1ee5c2f6a1221653549680da779fcb5319d199aec261d221d179e"
      },
      "downloads": [
        "https://cdn.modrinth.com/data/xv94TkTM/versions/FaNppCJJ/Controlling-neoforge-1.21.1-19.0.5.jar",
        "https://mediafilez.forgecdn.net/files/6368/976/Controlling-neoforge-1.21.1-19.0.5.jar",
        "https://media.forgecdn.net/files/6368/976/Controlling-neoforge-1.21.1-19.0.5.jar",
        "https://edge.forgecdn.net/files/6368/976/Controlling-neoforge-1.21.1-19.0.5.jar"
      ],
      "fileSize": 77555
    },
    {
      "path": "mods/Corgilib-NeoForge-1.21.1-5.0.0.4.jar",
      "hashes": {
        "sha1": "e276e8d195bf605d2b92087e268e4c03e402cefb",
        "sha512": "3c5afb646cc37cfb70a250cddd66ed09371466bba8ce1c490072527fb3d3f24906d266249f8ba44e774902a2d94455f7cf432834707ce523a9ba58728c80c96b"
      },
      "downloads": [
        "https://cdn.modrinth.com/data/ziOp6EO8/versions/hIBHksrz/Corgilib-NeoForge-1.21.1-5.0.0.4.jar",
        "https://mediafilez.forgecdn.net/files/6616/813/Corgilib-NeoForge-1.21.1-5.0.0.4.jar",
        "https://media.forgecdn.net/files/6616/813/Corgilib-NeoForge-1.21.1-5.0.0.4.jar",
        "https://edge.forgecdn.net/files/6616/813/Corgilib-NeoForge-1.21.1-5.0.0.4.jar"
      ],
      "fileSize": 351590
    },
    {
      "path": "mods/Create Encased-1.21.1-1.7.1-fix2.jar",
      "hashes": {
        "sha1": "227621962f24e8ecb0f1e07320d5cf380504cc57",
        "sha512": "3e21f4304e0e805f82828f90cb92c00c233ac1cdbbdb79b8fd56b3b5ac82e2b70ed7d54f9217e21447b800e5dfc55c5707939f0d3fd784c5aeca20c58d69632e"
      },
      "downloads": [
        "https://cdn.modrinth.com/data/hSSqdyU1/versions/zNgF4iaI/Create%20Encased-1.21.1-1.7.1-fix2.jar",
        "https://mediafilez.forgecdn.net/files/6387/195/Create%20Encased-1.21.1-1.7.1-fix2.jar",
        "https://media.forgecdn.net/files/6387/195/Create%20Encased-1.21.1-1.7.1-fix2.jar",
        "https://edge.forgecdn.net/files/6387/195/Create%20Encased-1.21.1-1.7.1-fix2.jar"
      ],
      "fileSize": 1778267
    },
    {
      "path": "mods/create-1.21.1-6.0.6.jar",
      "hashes": {
        "sha1": "07453cffbd20bdc5acc8ea7afb472bf55538958b",
        "sha512": "a65723abb0439ab5bb9dfae0b66db33a7c41422d015be7524912033b6cb39a1ef3a247b4b842981131cd541d141cc257d761b6de4e8837960a98b43054049228"
      },
      "downloads": [
        "https://cdn.modrinth.com/data/LNytGWDc/versions/tS7ygzAE/create-1.21.1-6.0.6.jar",
        "https://mediafilez.forgecdn.net/files/6641/610/create-1.21.1-6.0.6.jar",
        "https://media.forgecdn.net/files/6641/610/create-1.21.1-6.0.6.jar",
        "https://edge.forgecdn.net/files/6641/610/create-1.21.1-6.0.6.jar"
      ],
      "fileSize": 18599196
    },
    {
      "path": "mods/create-central-kitchen-2.1.3.jar",
      "hashes": {
        "sha1": "bc08dd8acb2edf24a781129a30bbb88de2cd0a85",
        "sha512": "462315adcf9157d122e4f2f4cdaeab257f23d6bc825ffa1db4f480fec1f306a17a87a7e3612f7a5241bfbca26e3acab5834df613a5a31086fd06896c0e84d011"
      },
      "downloads": [
        "https://cdn.modrinth.com/data/btq68HMO/versions/Zi40zlxZ/create-central-kitchen-2.1.3.jar",
        "https://mediafilez.forgecdn.net/files/6652/803/create-central-kitchen-2.1.3.jar",
        "https://media.forgecdn.net/files/6652/803/create-central-kitchen-2.1.3.jar",
        "https://edge.forgecdn.net/files/6652/803/create-central-kitchen-2.1.3.jar"
      ],
      "fileSize": 240523
    },
    {
      "path": "mods/create-dragons-plus-1.6.1.jar",
      "hashes": {
        "sha1": "2a54a201ad680fd4a3194095d5893f87fcc6de99",
        "sha512": "fa5af12d67974d40e0ce0f37c520b88b2a1ebb292af94634cbd404bed4315000e37169728385cf211ddcd91e3fb2a225039a2d80acb54102eb3775e31d0f6906"
      },
      "downloads": [
        "https://cdn.modrinth.com/data/dzb1a5WV/versions/M71tJKIz/create-dragons-plus-1.6.1.jar",
        "https://mediafilez.forgecdn.net/files/6652/868/create-dragons-plus-1.6.1.jar",
        "https://media.forgecdn.net/files/6652/868/create-dragons-plus-1.6.1.jar",
        "https://edge.forgecdn.net/files/6652/868/create-dragons-plus-1.6.1.jar"
      ],
      "fileSize": 619619
    },
    {
      "path": "mods/create-stuff-additions1.21.1_v2.1.0e.jar",
      "hashes": {
        "sha1": "5de330acd44af9e09430a7710687ad176dabf1e2",
        "sha512": "b259596a70dfd2e4f8449e9151e7c2816eeffa51a508f9f123e16e452024dafb0f9a81c23acf79bb5c32a030ccbf9175d29066a7ee1ed78053cad8e491715bf6"
      },
      "downloads": [
        "https://cdn.modrinth.com/data/aq9qUUQG/versions/r1ark55O/create-stuff-additions1.21.1_v2.1.0e.jar",
        "https://mediafilez.forgecdn.net/files/6448/12/create-stuff-additions1.21.1_v2.1.0e.jar",
        "https://media.forgecdn.net/files/6448/12/create-stuff-additions1.21.1_v2.1.0e.jar",
        "https://edge.forgecdn.net/files/6448/12/create-stuff-additions1.21.1_v2.1.0e.jar"
      ],
      "fileSize": 1318700
    },
    {
      "path": "mods/createliquidfuel-2.1.1-1.21.1.jar",
      "hashes": {
        "sha1": "a29f65eb4bbded2ca977a1453f90b6570e812b85",
        "sha512": "01a8995f09105e1c4cfe001a4674c208c3ed0e82a7612ea3891b2482a9fcbe1ccec185125cf40fd5802d153bbed5f1d7a057aefe40ba750476f3000936d3c71e"
      },
      "downloads": [
        "https://cdn.modrinth.com/data/sH9tXU9f/versions/7oNrI3y9/createliquidfuel-2.1.1-1.21.1.jar",
        "https://mediafilez.forgecdn.net/files/6521/990/createliquidfuel-2.1.1-1.21.1.jar",
        "https://media.forgecdn.net/files/6521/990/createliquidfuel-2.1.1-1.21.1.jar",
        "https://edge.forgecdn.net/files/6521/990/createliquidfuel-2.1.1-1.21.1.jar"
      ],
      "fileSize": 18140
    },
    {
      "path": "mods/createrailwaysnavigator-neoforge-1.21.1-beta-0.8.3.jar",
      "hashes": {
        "sha1": "26bf950a096ae8babe52b276aceede989bd71b75",
        "sha512": "4c1372e939c7901bed42637db8aa74409671110a4e2bd3d69d998b1f52951943df78eac580418c88504bc0f000c50c0ee1d3197be74ab447efd474e9e3652595"
      },
      "downloads": [
        "https://cdn.modrinth.com/data/Dq3STxps/versions/NcmaWJXb/createrailwaysnavigator-neoforge-1.21.1-beta-0.8.3.jar",
        "https://mediafilez.forgecdn.net/files/6614/242/createrailwaysnavigator-neoforge-1.21.1-beta-0.8.3.jar",
        "https://media.forgecdn.net/files/6614/242/createrailwaysnavigator-neoforge-1.21.1-beta-0.8.3.jar",
        "https://edge.forgecdn.net/files/6614/242/createrailwaysnavigator-neoforge-1.21.1-beta-0.8.3.jar"
      ],
      "fileSize": 3264056
    },
    {
      "path": "mods/create_chocolate_fountain-1.21.1-1.0.0.jar",
      "hashes": {
        "sha1": "5a7d3814d1120da045633558b1f32c318a8267a0",
        "sha512": "25e2ce8190af7440ec336a76757f2a7f85ae028649f249760f4d764f1a16a7a7858ef41ea3f7144b9629f87c0187b070100713fb0a06ccb0822abc5fac2563b0"
      },
      "downloads": [
        "https://cdn.modrinth.com/data/uAn01eey/versions/IRnRYtkz/create_chocolate_fountain-1.21.1-1.0.0.jar",
        "https://mediafilez.forgecdn.net/files/6373/473/create_chocolate_fountain-1.21.1-1.0.0.jar",
        "https://media.forgecdn.net/files/6373/473/create_chocolate_fountain-1.21.1-1.0.0.jar",
        "https://edge.forgecdn.net/files/6373/473/create_chocolate_fountain-1.21.1-1.0.0.jar"
      ],
      "fileSize": 47696
    },
    {
      "path": "mods/create_compressed-2.2.0-neoforge-1.21.1.jar",
      "hashes": {
        "sha1": "286c948a50b085ddfa6360ca8ef176775d32e4fd",
        "sha512": "b0f9f1a324c30cd6b29aa8f1c3f5dfd0fdc6fd5e050ecc066f66c97146ce403e569ea686e97aca11877f9b9dcddbe3c28374eea2e4c67b5c4ab7a8dd2897761e"
      },
      "downloads": [
        "https://cdn.modrinth.com/data/Sy4Box1J/versions/rW8MeyAL/create_compressed-2.2.0-neoforge-1.21.1.jar"
      ],
      "fileSize": 158961
    },
    {
      "path": "mods/create_connected-1.1.5-mc1.21.1.jar",
      "hashes": {
        "sha1": "dacb42d398a046a215836c921a89cbbc6c745b34",
        "sha512": "a6a3abb1ec8b18a56dfa5f3b19e34c22260290f68787e1c0503a6fb9f01a4981acc5f3e1f09b57f69ea6cc22dceff3cbb412b0d7a3aef7724024c00b1457dff1"
      },
      "downloads": [
        "https://cdn.modrinth.com/data/Vg5TIO6d/versions/fmWBqX5E/create_connected-1.1.5-mc1.21.1.jar",
        "https://mediafilez.forgecdn.net/files/6650/114/create_connected-1.1.5-mc1.21.1.jar",
        "https://media.forgecdn.net/files/6650/114/create_connected-1.1.5-mc1.21.1.jar",
        "https://edge.forgecdn.net/files/6650/114/create_connected-1.1.5-mc1.21.1.jar"
      ],
      "fileSize": 6550418
    },
    {
      "path": "mods/create_deep_dark-1.9.0-neoforge-1.21.1.jar",
      "hashes": {
        "sha1": "29e31d7ef442b26773e6638200a47be885be45d2",
        "sha512": "4148515c6097f20c0bd5faeee1c1e969a5ea074232d7348496acf36a75d35368a22ef6a18cd01f48771492ba7f05bd72cf13c8ab57fcf53c8dc16be224356957"
      },
      "downloads": [
        "https://cdn.modrinth.com/data/knrLSB8n/versions/toq1MPkF/create_deep_dark-1.9.0-neoforge-1.21.1.jar",
        "https://mediafilez.forgecdn.net/files/6390/981/create_deep_dark-1.9.0-neoforge-1.21.1.jar",
        "https://media.forgecdn.net/files/6390/981/create_deep_dark-1.9.0-neoforge-1.21.1.jar",
        "https://edge.forgecdn.net/files/6390/981/create_deep_dark-1.9.0-neoforge-1.21.1.jar"
      ],
      "fileSize": 252257
    },
    {
      "path": "mods/create_factory_logistics-1.21.1-1.4.2.jar",
      "hashes": {
        "sha1": "016c63930461728f7d774a51c5104b8ccbae71d6",
        "sha512": "9a0e6ad737f04b76ff05a783f02da505811b65df8532aedbfecfaafa654948dffb4742f346fd5ed66ebd5773fc674f6d0d0807ecc41894aaa37ee7745b27424f"
      },
      "downloads": [
        "https://cdn.modrinth.com/data/QMGO17gm/versions/Z8ZUT9t1/create_factory_logistics-1.21.1-1.4.2.jar",
        "https://mediafilez.forgecdn.net/files/6679/593/create_factory_logistics-1.21.1-1.4.2.jar",
        "https://media.forgecdn.net/files/6679/593/create_factory_logistics-1.21.1-1.4.2.jar",
        "https://edge.forgecdn.net/files/6679/593/create_factory_logistics-1.21.1-1.4.2.jar"
      ],
      "fileSize": 1099574
    },
    {
      "path": "mods/create_ltab-2.8.0.jar",
      "hashes": {
        "sha1": "d28ae916d9413f9f16296dd122d58d6710f93bc5",
        "sha512": "ce7be14dbd3a77f90b55c5756a19ae43ffd00c22c9c210e261a01674a4c172548cc0f7b15b6bcabe46cd382a0919cfb463d6b6c2b53fd50499a4dacede3129b0"
      },
      "downloads": [
        "https://cdn.modrinth.com/data/fUa6OtBG/versions/mX96NFeg/create_ltab-2.8.0.jar"
      ],
      "fileSize": 963260
    },
    {
      "path": "mods/create_pattern_schematics-2.0.9.jar",
      "hashes": {
        "sha1": "2fe0b76421356291fac30177ce1041b9e46ea27c",
        "sha512": "17b52b3af29f6f4e58a33ad5ffc99c16435ef720f90158cf918f94af12ea9cce67695de8f6f45d0ab0a0bb03607cf7c887cb00b28828fd088d56fc5d49b8115a"
      },
      "downloads": [
        "https://cdn.modrinth.com/data/cpqKG67r/versions/8uY8HiNA/create_pattern_schematics-2.0.9.jar",
        "https://mediafilez.forgecdn.net/files/6647/183/create_pattern_schematics-2.0.9.jar",
        "https://media.forgecdn.net/files/6647/183/create_pattern_schematics-2.0.9.jar",
        "https://edge.forgecdn.net/files/6647/183/create_pattern_schematics-2.0.9.jar"
      ],
      "fileSize": 223579
    },
    {
      "path": "mods/create_vibrant_vaults-0.3.2.jar",
      "hashes": {
        "sha1": "d0dbdde6318c4dd4ede1d2c091f1a64896ba872a",
        "sha512": "3bd53097482e614dc4e5e635778af25020fa27c1c453d4928d1d8baa6767c93cb300810a5ac0c49af86813749a180e3f092ab2e65b07e7741c2b12aaebd47006"
      },
      "downloads": [
        "https://cdn.modrinth.com/data/hddN8ksR/versions/t17qYXjn/create_vibrant_vaults-0.3.2.jar",
        "https://mediafilez.forgecdn.net/files/6463/890/create_vibrant_vaults-0.3.2.jar",
        "https://media.forgecdn.net/files/6463/890/create_vibrant_vaults-0.3.2.jar",
        "https://edge.forgecdn.net/files/6463/890/create_vibrant_vaults-0.3.2.jar"
      ],
      "fileSize": 2687938
    },
    {
      "path": "mods/curios-neoforge-9.5.1+1.21.1.jar",
      "hashes": {
        "sha1": "418fcd42e3a7844c9bdc71c9b6401fdb3894e0c4",
        "sha512": "5981a267686b744e7e3c227f78cbcd5267c14ac6979a28e814695f4589273998563147207fef4a5cdb7cdbdc39797cd95d9e4abadb55869f18e02a38d0654ae5"
      },
      "downloads": [
        "https://cdn.modrinth.com/data/vvuO3ImH/versions/yohfFbgD/curios-neoforge-9.5.1%2B1.21.1.jar",
        "https://mediafilez.forgecdn.net/files/6529/130/curios-neoforge-9.5.1%2b1.21.1.jar",
        "https://media.forgecdn.net/files/6529/130/curios-neoforge-9.5.1%2b1.21.1.jar",
        "https://edge.forgecdn.net/files/6529/130/curios-neoforge-9.5.1%2b1.21.1.jar"
      ],
      "fileSize": 410690
    },
    {
      "path": "mods/drippyloadingscreen_neoforge_3.0.12_MC_1.21.1.jar",
      "hashes": {
        "sha1": "d54a81ceeb1df321dbb0cbc22fc8c9fa96f9be55",
        "sha512": "909504e2aa65b7040292f6ee358ffdfdbdb8ce16fc6dce2adb0905750546fabc307180cf4438336588da3039dc2206da3ecb113c5e0dd2031a3198cba5d72dcf"
      },
      "downloads": [
        "https://cdn.modrinth.com/data/v3CYg2V9/versions/EPNdj6T1/drippyloadingscreen_neoforge_3.0.12_MC_1.21.1.jar",
        "https://mediafilez.forgecdn.net/files/6412/226/drippyloadingscreen_neoforge_3.0.12_MC_1.21.1.jar",
        "https://media.forgecdn.net/files/6412/226/drippyloadingscreen_neoforge_3.0.12_MC_1.21.1.jar",
        "https://edge.forgecdn.net/files/6412/226/drippyloadingscreen_neoforge_3.0.12_MC_1.21.1.jar"
      ],
      "fileSize": 78125
    },
    {
      "path": "mods/dummmmmmy-1.21-2.0.8-neoforge.jar",
      "hashes": {
        "sha1": "20520cfe2b4a6f6d5a64c07105b19ba9931eca55",
        "sha512": "7af95739e7ef848000767364f8176c8473a461291e3c214215632a09a081d1baed4516f752c8adb9109004c69625c636c912fe902765a1b76b5d1958f880233f"
      },
      "downloads": [
        "https://cdn.modrinth.com/data/Adega8YN/versions/J1XcbT7Q/dummmmmmy-1.21-2.0.8-neoforge.jar",
        "https://mediafilez.forgecdn.net/files/6608/246/dummmmmmy-1.21-2.0.8-neoforge.jar",
        "https://media.forgecdn.net/files/6608/246/dummmmmmy-1.21-2.0.8-neoforge.jar",
        "https://edge.forgecdn.net/files/6608/246/dummmmmmy-1.21-2.0.8-neoforge.jar"
      ],
      "fileSize": 216887
    },
    {
      "path": "mods/effortless-1.21.1-3.3.0.jar",
      "hashes": {
        "sha1": "d4bb009baa2cd2f8531e95b1ef3a180e4ea2a4ce",
        "sha512": "315fe6900d548b5343498928c03afe432ec22007da68703a980ba524986e0d4004f0ca9eda52e98b4d51a700c7dd07c50e1306fdabc417da263d138274d90ecf"
      },
      "downloads": [
        "https://cdn.modrinth.com/data/EF68hjiy/versions/8EDN9qcb/effortless-1.21.1-3.3.0.jar"
      ],
      "fileSize": 2015087
    },
    {
      "path": "mods/entityculling-neoforge-1.8.0-mc1.21.jar",
      "hashes": {
        "sha1": "449435a11ce43e21067eca6a6169c41d4a53f290",
        "sha512": "d6cb75d49c40e9d08efc0d626021f9901cdacb2277755c1bc8d3a62e37470783d2ec7dd87fe3454e355a9b0e38b0c3df7a9879ebe5a258e112ebe9a101d3d240"
      },
      "downloads": [
        "https://cdn.modrinth.com/data/NNAgCjsB/versions/gOriLpko/entityculling-neoforge-1.8.0-mc1.21.jar"
      ],
      "fileSize": 467982
    },
    {
      "path": "mods/entity_texture_features_neoforge_1.21.1-6.2.9.jar",
      "hashes": {
        "sha1": "81c9e2bba951825730143be4cb1ed5bedae446cf",
        "sha512": "8b39e8cd9645ab2f4a27f34fd06d8f2a42a42ee143635fabd52fe770205d55aca4cc33f69f5e58b60c1eaeaed4a11df06e4bf14ac5ee36c30ccb4a03f0bbec0d"
      },
      "downloads": [
        "https://cdn.modrinth.com/data/BVzZfTc1/versions/jmfAD9oz/entity_texture_features_neoforge_1.21.1-6.2.9.jar",
        "https://mediafilez.forgecdn.net/files/5982/151/entity_texture_features_neoforge_1.21.1-6.2.9.jar",
        "https://media.forgecdn.net/files/5982/151/entity_texture_features_neoforge_1.21.1-6.2.9.jar",
        "https://edge.forgecdn.net/files/5982/151/entity_texture_features_neoforge_1.21.1-6.2.9.jar"
      ],
      "fileSize": 672734
    },
    {
      "path": "mods/fancymenu_neoforge_3.5.0_MC_1.21.1.jar",
      "hashes": {
        "sha1": "7db4542cc8254c76d60aece81ff8dddc2364674c",
        "sha512": "3a893cad4a64729a5a1154d1e1e31a87b5277853a41a8ab9bdeb3d0fc344fa03cd5f84fb20bcd9469646b1c8fdb1744901bfd229761a335216f8854f10b2a85e"
      },
      "downloads": [
        "https://cdn.modrinth.com/data/Wq5SjeWM/versions/dCWTZVQT/fancymenu_neoforge_3.5.0_MC_1.21.1.jar",
        "https://mediafilez.forgecdn.net/files/6408/877/fancymenu_neoforge_3.5.0_MC_1.21.1.jar",
        "https://media.forgecdn.net/files/6408/877/fancymenu_neoforge_3.5.0_MC_1.21.1.jar",
        "https://edge.forgecdn.net/files/6408/877/fancymenu_neoforge_3.5.0_MC_1.21.1.jar"
      ],
      "fileSize": 3092018
    },
    {
      "path": "mods/FarmersDelight-1.21.1-1.2.8.jar",
      "hashes": {
        "sha1": "b5660fc7c6096b8d9746f47de789e54b5c91b326",
        "sha512": "ca2d5a21ecd14a25374b26570f1c63c54623b55603108ffe4f83f82b79ff8cf08b35f444078141ec4196dad669699e1beeea41d8d0c34c0602941247b93f4a52"
      },
      "downloads": [
        "https://cdn.modrinth.com/data/R2OftAxM/versions/yCkges3O/FarmersDelight-1.21.1-1.2.8.jar",
        "https://mediafilez.forgecdn.net/files/6597/295/FarmersDelight-1.21.1-1.2.8.jar",
        "https://media.forgecdn.net/files/6597/295/FarmersDelight-1.21.1-1.2.8.jar",
        "https://edge.forgecdn.net/files/6597/295/FarmersDelight-1.21.1-1.2.8.jar"
      ],
      "fileSize": 2949275
    },
    {
      "path": "mods/ForgeConfigAPIPort-v21.1.3-1.21.1-NeoForge.jar",
      "hashes": {
        "sha1": "1ce474442a15c3cbe587e32a9080509b23414db2",
        "sha512": "68056ed76d507274d0452ccd419361cbb89fbb9b472c3c045946058133ed45cea9ef5d27c0d4a04a9db09b9afc049218c2fca103f9e338027131c620e889b01c"
      },
      "downloads": [
        "https://cdn.modrinth.com/data/ohNO6lps/versions/iigguueA/ForgeConfigAPIPort-v21.1.3-1.21.1-NeoForge.jar",
        "https://mediafilez.forgecdn.net/files/5982/385/ForgeConfigAPIPort-v21.1.3-1.21.1-NeoForge.jar",
        "https://media.forgecdn.net/files/5982/385/ForgeConfigAPIPort-v21.1.3-1.21.1-NeoForge.jar",
        "https://edge.forgecdn.net/files/5982/385/ForgeConfigAPIPort-v21.1.3-1.21.1-NeoForge.jar"
      ],
      "fileSize": 104469
    },
    {
      "path": "mods/fusion-1.2.7b-neoforge-mc1.21.jar",
      "hashes": {
        "sha1": "258f3c9df7d166c3f3bbfc4af607f007a92ae82d",
        "sha512": "04f6a73769e8c9bfbc5644c55b31a536bdb33bbb16ae4102a5f8697c52f2fa9eebc4ff5f559423601908bcff9d0d92dda267b1260db5575bac4bb87d21908cb2"
      },
      "downloads": [
        "https://cdn.modrinth.com/data/p19vrgc2/versions/G7gLKG0V/fusion-1.2.7b-neoforge-mc1.21.jar",
        "https://mediafilez.forgecdn.net/files/6453/834/fusion-1.2.7b-neoforge-mc1.21.jar",
        "https://media.forgecdn.net/files/6453/834/fusion-1.2.7b-neoforge-mc1.21.jar",
        "https://edge.forgecdn.net/files/6453/834/fusion-1.2.7b-neoforge-mc1.21.jar"
      ],
      "fileSize": 529007
    },
    {
      "path": "mods/geckolib-neoforge-1.21.1-4.7.6.jar",
      "hashes": {
        "sha1": "0e1a29a8b0bafa8bf0cf3c44149cc5e0636f33d6",
        "sha512": "bb493b082e3a871d0b5df3f9eaee08d47d931a38daa37a9debf6d3e7bfdcc490dc98008f631c2282ea405c383c4b05afdb19a898e4419ed7616e4128fe5460d0"
      },
      "downloads": [
        "https://cdn.modrinth.com/data/8BmcQJ2H/versions/DTo3uxPN/geckolib-neoforge-1.21.1-4.7.6.jar",
        "https://mediafilez.forgecdn.net/files/6659/26/geckolib-neoforge-1.21.1-4.7.6.jar",
        "https://media.forgecdn.net/files/6659/26/geckolib-neoforge-1.21.1-4.7.6.jar",
        "https://edge.forgecdn.net/files/6659/26/geckolib-neoforge-1.21.1-4.7.6.jar"
      ],
      "fileSize": 592929
    },
    {
      "path": "mods/Incendium_1.21.x_v5.4.4.jar",
      "hashes": {
        "sha1": "40da6da25ec45c4d88447733255e4281b6f22fef",
        "sha512": "ca897be9059ea691860715dac6c0ccd934720d7d42c8af45b95257e8f91a6c9470f506bfb9ef3c770e6a6c57e58885add2126150a35927848817433fd227ce0e"
      },
      "downloads": [
        "https://cdn.modrinth.com/data/ZVzW5oNS/versions/7mVvV9Th/Incendium_1.21.x_v5.4.4.jar",
        "https://mediafilez.forgecdn.net/files/5962/249/Incendium_1.21.x_v5.4.4.jar",
        "https://media.forgecdn.net/files/5962/249/Incendium_1.21.x_v5.4.4.jar",
        "https://edge.forgecdn.net/files/5962/249/Incendium_1.21.x_v5.4.4.jar"
      ],
      "fileSize": 4267528
    },
    {
      "path": "mods/Jade-1.21.1-NeoForge-15.10.1.jar",
      "hashes": {
        "sha1": "f84d25664afe3f23fec4342f0b26c7e5616268fe",
        "sha512": "66fcc6425949684f1fba3aa7c39aad59b912831d74f21ddde7c31367d3323105828bad90ff6633b34899cd73ac26e3656ee0df2c0e43d7d3a320d94bf5d6d713"
      },
      "downloads": [
        "https://cdn.modrinth.com/data/nvQzSEkH/versions/2P7THd8J/Jade-1.21.1-NeoForge-15.10.1.jar",
        "https://mediafilez.forgecdn.net/files/6667/790/Jade-1.21.1-NeoForge-15.10.1.jar",
        "https://media.forgecdn.net/files/6667/790/Jade-1.21.1-NeoForge-15.10.1.jar",
        "https://edge.forgecdn.net/files/6667/790/Jade-1.21.1-NeoForge-15.10.1.jar"
      ],
      "fileSize": 725836
    },
    {
      "path": "mods/JadeAddons-1.21.1-NeoForge-6.1.0.jar",
      "hashes": {
        "sha1": "d0aef07e67f9e2dd7ae68f9f27d845511d8eaff3",
        "sha512": "dcf1135718e74c55d4b01116c9955b88a8c8a5180e61dc51d292479aff3d2fff38c8ca0f1b4a6e42e54644f1c8907846a61799491df455b71541aa342d8b8896"
      },
      "downloads": [
        "https://cdn.modrinth.com/data/xuDOzCLy/versions/Z9s9lM56/JadeAddons-1.21.1-NeoForge-6.1.0.jar",
        "https://mediafilez.forgecdn.net/files/6315/149/JadeAddons-1.21.1-NeoForge-6.1.0.jar",
        "https://media.forgecdn.net/files/6315/149/JadeAddons-1.21.1-NeoForge-6.1.0.jar",
        "https://edge.forgecdn.net/files/6315/149/JadeAddons-1.21.1-NeoForge-6.1.0.jar"
      ],
      "fileSize": 74419
    },
    {
      "path": "mods/jei-1.21.1-neoforge-19.21.0.247.jar",
      "hashes": {
        "sha1": "4d9ed6b03c67148ffe7406a84deb168a632e0a60",
        "sha512": "8957b3378a37c9edad802f5e9b833b5e38c7ea7f52475511946e972ea34982a9d05b37d42ca47be093872bdb47a71cae43ad6df63986d935dcf2991c609fd5d2"
      },
      "downloads": [
        "https://cdn.modrinth.com/data/u6dRKJwZ/versions/TxS03dKM/jei-1.21.1-neoforge-19.21.0.247.jar",
        "https://mediafilez.forgecdn.net/files/5846/880/jei-1.21.1-neoforge-19.21.0.247.jar",
        "https://media.forgecdn.net/files/5846/880/jei-1.21.1-neoforge-19.21.0.247.jar",
        "https://edge.forgecdn.net/files/5846/880/jei-1.21.1-neoforge-19.21.0.247.jar"
      ],
      "fileSize": 1442319
    },
    {
      "path": "mods/konkrete_neoforge_1.9.9_MC_1.21.jar",
      "hashes": {
        "sha1": "97771eb287d5ac7fe667d1df9493d5e54c8ca1fa",
        "sha512": "378bd12e3c32329abbae5cd514e1d1cc2a3cc3a45979fedb1d4e4c0a6732bdcf4b7d1bf7f7a112074bf288957edf86152c9c090a27d1d5de84a9a7825d3d6511"
      },
      "downloads": [
        "https://cdn.modrinth.com/data/J81TRJWm/versions/stJDU839/konkrete_neoforge_1.9.9_MC_1.21.jar",
        "https://mediafilez.forgecdn.net/files/5453/385/konkrete_neoforge_1.9.9_MC_1.21.jar",
        "https://media.forgecdn.net/files/5453/385/konkrete_neoforge_1.9.9_MC_1.21.jar",
        "https://edge.forgecdn.net/files/5453/385/konkrete_neoforge_1.9.9_MC_1.21.jar"
      ],
      "fileSize": 618842
    },
    {
      "path": "mods/kubejs-neoforge-2101.7.1-build.181.jar",
      "hashes": {
        "sha1": "be525f7d4d8d71a18b07718352035b3e59e50ebd",
        "sha512": "25531dc40cee02012384c6cf645829db27816c5d107baa9aa118885fbd418237ff43974451a52f1671be6cd075dbf33cbeb20df5eaf33cd31421ef5f66413726"
      },
      "downloads": [
        "https://cdn.modrinth.com/data/umyGl7zF/versions/3w2ufpfQ/kubejs-neoforge-2101.7.1-build.181.jar",
        "https://mediafilez.forgecdn.net/files/5810/100/kubejs-neoforge-2101.7.1-build.181.jar",
        "https://media.forgecdn.net/files/5810/100/kubejs-neoforge-2101.7.1-build.181.jar",
        "https://edge.forgecdn.net/files/5810/100/kubejs-neoforge-2101.7.1-build.181.jar"
      ],
      "fileSize": 1913809
    },
    {
      "path": "mods/lighty-neoforge-3.0.0-beta.8+1.21.1.jar",
      "hashes": {
        "sha1": "4335cc626d264a3eef08e6b7eb19bf579166c244",
        "sha512": "0d6637b3d37031b0cfca95358be406de1b6dd06c9ff22d62efd139e08d7a524cfa6392a6a94874d1c8416a7e732bc583649ff90b1536fc2bfa0a617d5362233e"
      },
      "downloads": [
        "https://cdn.modrinth.com/data/yjvKidNM/versions/Ua5CgydL/lighty-neoforge-3.0.0-beta.8%2B1.21.1.jar",
        "https://mediafilez.forgecdn.net/files/6016/53/lighty-neoforge-3.0.0-beta.8%2b1.21.1.jar",
        "https://media.forgecdn.net/files/6016/53/lighty-neoforge-3.0.0-beta.8%2b1.21.1.jar",
        "https://edge.forgecdn.net/files/6016/53/lighty-neoforge-3.0.0-beta.8%2b1.21.1.jar"
      ],
      "fileSize": 79099
    },
    {
      "path": "mods/melody_neoforge_1.0.10_MC_1.21.jar",
      "hashes": {
        "sha1": "e83052a92c4ca0016bcfe7f0207273983dc84698",
        "sha512": "3bd96b851a65fa95d92d051851e6a7a415927f718fcb05f0dfb5983eb3ca54edfb842ea85f1497e1b3510b5884181b8f9c6080d2b15642ceadac695011c00ec1"
      },
      "downloads": [
        "https://cdn.modrinth.com/data/CVT4pFB2/versions/efcdRVZP/melody_neoforge_1.0.10_MC_1.21.jar",
        "https://mediafilez.forgecdn.net/files/5453/382/melody_neoforge_1.0.10_MC_1.21.jar",
        "https://media.forgecdn.net/files/5453/382/melody_neoforge_1.0.10_MC_1.21.jar",
        "https://edge.forgecdn.net/files/5453/382/melody_neoforge_1.0.10_MC_1.21.jar"
      ],
      "fileSize": 36096
    },
    {
      "path": "mods/midnightlib-1.6.9-neoforge+1.21.jar",
      "hashes": {
        "sha1": "ae92d43802fb9d1ecc12ec48f7edc9f50d6124a1",
        "sha512": "27f94841f7c357a31e7c4daaaeb38bbb8c6be3820644028b52f1b91228fc0856339354d2da4afa89752793560585286d7617bc1667bb9f57e5ef2a83f9d55638"
      },
      "downloads": [
        "https://cdn.modrinth.com/data/codAaoxh/versions/tUbl6MZ4/midnightlib-1.6.9-neoforge%2B1.21.jar",
        "https://mediafilez.forgecdn.net/files/6222/973/midnightlib-1.6.9-neoforge%2b1.21.jar",
        "https://media.forgecdn.net/files/6222/973/midnightlib-1.6.9-neoforge%2b1.21.jar",
        "https://edge.forgecdn.net/files/6222/973/midnightlib-1.6.9-neoforge%2b1.21.jar"
      ],
      "fileSize": 63783
    },
    {
      "path": "mods/modelfix-1.21-1.10.jar",
      "hashes": {
        "sha1": "9608b1bff92e075ad8c2feb07f7ef095f6887117",
        "sha512": "647cab9a1bed84e10cfe77732a66bdfe116a6371dcceadcf896083654f7ab39542df4152674b5a3a653e3b36f517f5c1bff4c25db37dd789df9eeb1e1d799c07"
      },
      "downloads": [
        "https://cdn.modrinth.com/data/QdG47OkI/versions/X2U8ceG9/modelfix-1.21-1.10.jar",
        "https://mediafilez.forgecdn.net/files/5591/286/modelfix-1.21-1.10.jar",
        "https://media.forgecdn.net/files/5591/286/modelfix-1.21-1.10.jar",
        "https://edge.forgecdn.net/files/5591/286/modelfix-1.21-1.10.jar"
      ],
      "fileSize": 47035
    },
    {
      "path": "mods/moonlight-1.21-2.19.1-neoforge.jar",
      "hashes": {
        "sha1": "759cd6780cc48aac5614f2da63d261da7b4d6c35",
        "sha512": "0e53a49d031cf952ec09b22cb495400f0ca53e1e31dc4cf7181cbf956f7aec55a8a687a3f8ca893786aa1e00cfa7b3caed869582e1f37105d5ab84c4d517296b"
      },
      "downloads": [
        "https://cdn.modrinth.com/data/twkfQtEc/versions/jB07Q5PU/moonlight-1.21-2.19.1-neoforge.jar",
        "https://mediafilez.forgecdn.net/files/6676/907/moonlight-1.21-2.19.1-neoforge.jar",
        "https://media.forgecdn.net/files/6676/907/moonlight-1.21-2.19.1-neoforge.jar",
        "https://edge.forgecdn.net/files/6676/907/moonlight-1.21-2.19.1-neoforge.jar"
      ],
      "fileSize": 1152470
    },
    {
      "path": "mods/MouseTweaks-neoforge-mc1.21-2.26.1.jar",
      "hashes": {
        "sha1": "6dae57f4f50f7808d2ed9a18f6cd1c0d4640c6bc",
        "sha512": "f95c0cc881211ee0442434976775e07aae40b4a2ba4e3a85455bc57ca9d3c991e239cd98374a8abd442dc9c378dcd9001e2caa1bf69991d424b5652dd7f3483b"
      },
      "downloads": [
        "https://cdn.modrinth.com/data/aC3cM3Vq/versions/9I21YYxf/MouseTweaks-neoforge-mc1.21-2.26.1.jar",
        "https://mediafilez.forgecdn.net/files/5637/846/MouseTweaks-neoforge-mc1.21-2.26.1.jar",
        "https://media.forgecdn.net/files/5637/846/MouseTweaks-neoforge-mc1.21-2.26.1.jar",
        "https://edge.forgecdn.net/files/5637/846/MouseTweaks-neoforge-mc1.21-2.26.1.jar"
      ],
      "fileSize": 73938
    },
    {
      "path": "mods/NaturesCompass-1.21.1-3.0.3-neoforge.jar",
      "hashes": {
        "sha1": "4a91af947622a2bb2c0381db249cc6f06c1f1843",
        "sha512": "4caa38ac13ac61ea57e75673845674d6904af3a8c481004ab99c27f19110160809c02b40ac2a4eff91ba6e4c55f68aa12018818ba097ca49b6092e0d17558daa"
      },
      "downloads": [
        "https://cdn.modrinth.com/data/fPetb5Kh/versions/AqEmYPpi/NaturesCompass-1.21.1-3.0.3-neoforge.jar",
        "https://mediafilez.forgecdn.net/files/5696/42/NaturesCompass-1.21.1-3.0.3-neoforge.jar",
        "https://media.forgecdn.net/files/5696/42/NaturesCompass-1.21.1-3.0.3-neoforge.jar",
        "https://edge.forgecdn.net/files/5696/42/NaturesCompass-1.21.1-3.0.3-neoforge.jar"
      ],
      "fileSize": 216873
    },
    {
      "path": "mods/NoChatReports-NEOFORGE-1.21.1-v2.9.1.jar",
      "hashes": {
        "sha1": "9edfc7861277ff661141304dc8216f83eacdd9af",
        "sha512": "292a3623b5addb17e9f15681a4f2534562e9882ef809e504f49da4778fafc12e21a71995b5d05554d435201f401ace1e86af50e6e26f6ce9d203a5896a1ece21"
      },
      "downloads": [
        "https://cdn.modrinth.com/data/qQyHxfxd/versions/ZV8eL55E/NoChatReports-NEOFORGE-1.21.1-v2.9.1.jar",
        "https://mediafilez.forgecdn.net/files/5885/735/NoChatReports-NEOFORGE-1.21.1-v2.9.1.jar",
        "https://media.forgecdn.net/files/5885/735/NoChatReports-NEOFORGE-1.21.1-v2.9.1.jar",
        "https://edge.forgecdn.net/files/5885/735/NoChatReports-NEOFORGE-1.21.1-v2.9.1.jar"
      ],
      "fileSize": 306668
    },
    {
      "path": "mods/notenoughcrashes-neoforge-4.4.9+1.21.1.jar",
      "hashes": {
        "sha1": "4108c653e3e0d54a6df3c5354a752ea0ea801ffe",
        "sha512": "912c31c6e806e457a501742d668b82b70f03d5cdbb722f09da27ba19f3408f236b1704ccf9ed4a2bee82cc272ba78671bfe1fd8b46baefef1ac4ee56d703f04f"
      },
      "downloads": [
        "https://cdn.modrinth.com/data/yM94ont6/versions/alR8L7vF/notenoughcrashes-neoforge-4.4.9%2B1.21.1.jar",
        "https://mediafilez.forgecdn.net/files/6598/103/notenoughcrashes-neoforge-4.4.9%2b1.21.1.jar",
        "https://media.forgecdn.net/files/6598/103/notenoughcrashes-neoforge-4.4.9%2b1.21.1.jar",
        "https://edge.forgecdn.net/files/6598/103/notenoughcrashes-neoforge-4.4.9%2b1.21.1.jar"
      ],
      "fileSize": 598916
    },
    {
      "path": "mods/Oh-The-Biomes-Weve-Gone-NeoForge-2.3.13.jar",
      "hashes": {
        "sha1": "4694e272397f0494862fdd6408c888177d5a6b85",
        "sha512": "2a695f9602c13eae76118f14370e1e15e576e95f3bb2b23419ae72e61beec713374839df745c4a5eae72b060d0d4188fd06ffb2b3d316795c125289f233e5e12"
      },
      "downloads": [
        "https://cdn.modrinth.com/data/NTi7d3Xc/versions/32kAFCKD/Oh-The-Biomes-Weve-Gone-NeoForge-2.3.13.jar",
        "https://mediafilez.forgecdn.net/files/6416/918/Oh-The-Biomes-Weve-Gone-NeoForge-2.3.13.jar",
        "https://media.forgecdn.net/files/6416/918/Oh-The-Biomes-Weve-Gone-NeoForge-2.3.13.jar",
        "https://edge.forgecdn.net/files/6416/918/Oh-The-Biomes-Weve-Gone-NeoForge-2.3.13.jar"
      ],
      "fileSize": 36454751
    },
    {
      "path": "mods/Oh-The-Trees-Youll-Grow-neoforge-1.21.1-5.0.14.jar",
      "hashes": {
        "sha1": "b75bc14388811e1b3d4d3f88e846cb9468b3c162",
        "sha512": "638b4dd6051919602c1255a9975618bbfd767b087a064e4dee7bff43ce2045160faa35550a21a6fd00141126498f3ac726671349d19a5633f1e130525894ec56"
      },
      "downloads": [
        "https://cdn.modrinth.com/data/g8NOG5OR/versions/GaPyECtl/Oh-The-Trees-Youll-Grow-neoforge-1.21.1-5.0.14.jar",
        "https://mediafilez.forgecdn.net/files/6607/561/Oh-The-Trees-Youll-Grow-neoforge-1.21.1-5.0.14.jar",
        "https://media.forgecdn.net/files/6607/561/Oh-The-Trees-Youll-Grow-neoforge-1.21.1-5.0.14.jar",
        "https://edge.forgecdn.net/files/6607/561/Oh-The-Trees-Youll-Grow-neoforge-1.21.1-5.0.14.jar"
      ],
      "fileSize": 125163
    },
    {
      "path": "mods/ok_zoomer-neo-10.0.0-beta.10.jar",
      "hashes": {
        "sha1": "265d5d762ed50f5d506c7160f83c22000aa13df4",
        "sha512": "43428c76af367b5f741ec0f65f6a4c0f44c38edf845bd162561a0a787b3d8399010336ec8b4a85fa3356ef83e602d8b61c67a14944627d34b7a757d46d982425"
      },
      "downloads": [
        "https://cdn.modrinth.com/data/aXf2OSFU/versions/9r90qGm7/ok_zoomer-neo-10.0.0-beta.10.jar",
        "https://mediafilez.forgecdn.net/files/6404/35/ok_zoomer-neo-10.0.0-beta.10.jar",
        "https://media.forgecdn.net/files/6404/35/ok_zoomer-neo-10.0.0-beta.10.jar",
        "https://edge.forgecdn.net/files/6404/35/ok_zoomer-neo-10.0.0-beta.10.jar"
      ],
      "fileSize": 386675
    },
    {
      "path": "mods/OpenLoader-neoforge-1.21.1-21.1.5.jar",
      "hashes": {
        "sha1": "b4b49fa0bbefcecd41aaba60aca38c3658ac2c46",
        "sha512": "3a4b0b6605f30b98a9d26954f8e211e6422f1f6402d400a9f9eb32a5af065da808dd3648a839dd60e47e50c8075b6a71624e142e50fb61273a6ba505bf6b1d09"
      },
      "downloads": [
        "https://cdn.modrinth.com/data/KwWsINvD/versions/Szobbnyh/OpenLoader-neoforge-1.21.1-21.1.5.jar",
        "https://mediafilez.forgecdn.net/files/6546/293/OpenLoader-neoforge-1.21.1-21.1.5.jar",
        "https://media.forgecdn.net/files/6546/293/OpenLoader-neoforge-1.21.1-21.1.5.jar",
        "https://edge.forgecdn.net/files/6546/293/OpenLoader-neoforge-1.21.1-21.1.5.jar"
      ],
      "fileSize": 35602
    },
    {
      "path": "mods/plasmovoice-neoforge-1.21-2.1.4.jar",
      "hashes": {
        "sha1": "ae7ddcd979d027695dbc81094634571f6584c7fa",
        "sha512": "e9ba9d831186cdd3ec34aa1326faf03dfb1e29fa47915590ba378c8371ea344dcd073be45ca41ee36a8b54ae0912fe7e3b0b953016a450d5fdc2527af04e36a5"
      },
      "downloads": [
        "https://cdn.modrinth.com/data/1bZhdhsH/versions/RSClZf4O/plasmovoice-neoforge-1.21-2.1.4.jar",
        "https://mediafilez.forgecdn.net/files/6525/385/plasmovoice-neoforge-1.21-2.1.4.jar",
        "https://media.forgecdn.net/files/6525/385/plasmovoice-neoforge-1.21-2.1.4.jar",
        "https://edge.forgecdn.net/files/6525/385/plasmovoice-neoforge-1.21-2.1.4.jar"
      ],
      "fileSize": 12155936
    },
    {
      "path": "mods/prickle-neoforge-1.21.1-21.1.8.jar",
      "hashes": {
        "sha1": "be1772b863a6f3e141e2d587977e2c83fc0b0b43",
        "sha512": "40025298c04099ac3f61f6d3095a03f949e46e6508414372662499f51e1161dcf99563f8ca2f3686755fdceba479da1aa653d247da5ec12a883b31741fcb6aa7"
      },
      "downloads": [
        "https://cdn.modrinth.com/data/aaRl8GiW/versions/u5HZtlyZ/prickle-neoforge-1.21.1-21.1.8.jar",
        "https://mediafilez.forgecdn.net/files/6546/240/prickle-neoforge-1.21.1-21.1.8.jar",
        "https://media.forgecdn.net/files/6546/240/prickle-neoforge-1.21.1-21.1.8.jar",
        "https://edge.forgecdn.net/files/6546/240/prickle-neoforge-1.21.1-21.1.8.jar"
      ],
      "fileSize": 83725
    },
    {
      "path": "mods/rechiseled-1.1.6a-neoforge-mc1.21.jar",
      "hashes": {
        "sha1": "26e4487b4e4441702a984c12af5e521b4b1b0bef",
        "sha512": "522c870ce447eed0ffe269805f5bd3d776a960249f864a49ba3f203bff2d2f353cc62cd79978fd9a352d68b312e0f02f918d53b3f66869c80c9c9af311e5b534"
      },
      "downloads": [
        "https://cdn.modrinth.com/data/B0g2vT6l/versions/UZPjD9WH/rechiseled-1.1.6a-neoforge-mc1.21.jar",
        "https://mediafilez.forgecdn.net/files/5663/514/rechiseled-1.1.6a-neoforge-mc1.21.jar",
        "https://media.forgecdn.net/files/5663/514/rechiseled-1.1.6a-neoforge-mc1.21.jar",
        "https://edge.forgecdn.net/files/5663/514/rechiseled-1.1.6a-neoforge-mc1.21.jar"
      ],
      "fileSize": 3484553
    },
    {
      "path": "mods/rechiseledcreate-1.0.2-neoforge-mc1.21.jar",
      "hashes": {
        "sha1": "b9ff53446aa017d0bfac5473ad1d248eb3e9aaf5",
        "sha512": "be16db7a79b119d55a7a2734a384e5acb0820923b35207b36ec7b38026d1b667a2a3477a51d596693d899cd294991ae2e63db6f4ac30ec95f9facf943ffb0e8b"
      },
      "downloads": [
        "https://cdn.modrinth.com/data/E6867niZ/versions/TaIWg8nP/rechiseledcreate-1.0.2-neoforge-mc1.21.jar",
        "https://mediafilez.forgecdn.net/files/6401/203/rechiseledcreate-1.0.2-neoforge-mc1.21.jar",
        "https://media.forgecdn.net/files/6401/203/rechiseledcreate-1.0.2-neoforge-mc1.21.jar",
        "https://edge.forgecdn.net/files/6401/203/rechiseledcreate-1.0.2-neoforge-mc1.21.jar"
      ],
      "fileSize": 659383
    },
    {
      "path": "mods/reeses-sodium-options-neoforge-1.8.3+mc1.21.4.jar",
      "hashes": {
        "sha1": "b03d05495be28d8cef7a34872941bb8d703d60e6",
        "sha512": "d66b5d30e1bb8316cb75d52ba8485c6c1cfb0d03624288f39c1826b92de9da9c3d79351be9d7303ca3226176255921f35063139da118c755cf9a709186129744"
      },
      "downloads": [
        "https://cdn.modrinth.com/data/Bh37bMuy/versions/xAiCe6w8/reeses-sodium-options-neoforge-1.8.3%2Bmc1.21.4.jar",
        "https://mediafilez.forgecdn.net/files/6091/21/reeses-sodium-options-neoforge-1.8.3%2bmc1.21.4.jar",
        "https://media.forgecdn.net/files/6091/21/reeses-sodium-options-neoforge-1.8.3%2bmc1.21.4.jar",
        "https://edge.forgecdn.net/files/6091/21/reeses-sodium-options-neoforge-1.8.3%2bmc1.21.4.jar"
      ],
      "fileSize": 78451
    },
    {
      "path": "mods/Searchables-neoforge-1.21.1-1.0.2.jar",
      "hashes": {
        "sha1": "5b8a0b43a474c066371b2e16f9bfb88622552a74",
        "sha512": "d0824bac1900142ac9a53e68f7ec3b4c0d33d9366bbd3f1d0d93eed860e5eb6b5e6f5a215a69bfffa70bcb48573ff49b5a12bbaa96096ceac6636000d506027a"
      },
      "downloads": [
        "https://cdn.modrinth.com/data/fuuu3xnx/versions/iEE85X0w/Searchables-neoforge-1.21.1-1.0.2.jar",
        "https://mediafilez.forgecdn.net/files/5831/692/Searchables-neoforge-1.21.1-1.0.2.jar",
        "https://media.forgecdn.net/files/5831/692/Searchables-neoforge-1.21.1-1.0.2.jar",
        "https://edge.forgecdn.net/files/5831/692/Searchables-neoforge-1.21.1-1.0.2.jar"
      ],
      "fileSize": 77326
    },
    {
      "path": "mods/sodium-neoforge-0.6.13+mc1.21.1.jar",
      "hashes": {
        "sha1": "38af70fa4dc4b2aaac636e92fdba3bedd5a025e1",
        "sha512": "ce58f34d05d96c0a109a5cea23c741f6bdb2e6be31fc087c5989274cefca5f10ba0c08c62083cf554a51f2c7667bf46e4164383f675c844e77633aef2659996b"
      },
      "downloads": [
        "https://cdn.modrinth.com/data/AANobbMI/versions/Pb3OXVqC/sodium-neoforge-0.6.13%2Bmc1.21.1.jar",
        "https://mediafilez.forgecdn.net/files/6382/651/sodium-neoforge-0.6.13%2bmc1.21.1.jar",
        "https://media.forgecdn.net/files/6382/651/sodium-neoforge-0.6.13%2bmc1.21.1.jar",
        "https://edge.forgecdn.net/files/6382/651/sodium-neoforge-0.6.13%2bmc1.21.1.jar"
      ],
      "fileSize": 1162994
    },
    {
      "path": "mods/sodiumextras-neoforge-1.0.8-1.21.1.jar",
      "hashes": {
        "sha1": "d678f6eb28fec11f3e99bc7f17f5e385703bc44a",
        "sha512": "1bab2a7651b628a04066ce5221cd2df9bbbd8811da41a1f1c30c367b0a92bd5b42c5c13c9c45b961330d156836f367daf6225c72ba4f6acc7e42e9b44df3f419"
      },
      "downloads": [
        "https://cdn.modrinth.com/data/vqqx0QiE/versions/qDEGbszS/sodiumextras-neoforge-1.0.8-1.21.1.jar",
        "https://mediafilez.forgecdn.net/files/6394/141/sodiumextras-neoforge-1.0.8-1.21.1.jar",
        "https://media.forgecdn.net/files/6394/141/sodiumextras-neoforge-1.0.8-1.21.1.jar",
        "https://edge.forgecdn.net/files/6394/141/sodiumextras-neoforge-1.0.8-1.21.1.jar"
      ],
      "fileSize": 276988
    },
    {
      "path": "mods/sodiumoptionsapi-neoforge-1.0.10-1.21.1.jar",
      "hashes": {
        "sha1": "5d014d031fa77ab600e07835b032ef4dcb79b442",
        "sha512": "f2f022183f300961d7d0503461daa59e3e606c32f189f1cb3307edaf765986c541929205b7bf6f40c4c88319696e9d863c1bf711bd441dc9b7081c198ddb445b"
      },
      "downloads": [
        "https://cdn.modrinth.com/data/Es5v4eyq/versions/lrsX3TMS/sodiumoptionsapi-neoforge-1.0.10-1.21.1.jar",
        "https://mediafilez.forgecdn.net/files/6100/815/sodiumoptionsapi-neoforge-1.0.10-1.21.1.jar",
        "https://media.forgecdn.net/files/6100/815/sodiumoptionsapi-neoforge-1.0.10-1.21.1.jar",
        "https://edge.forgecdn.net/files/6100/815/sodiumoptionsapi-neoforge-1.0.10-1.21.1.jar"
      ],
      "fileSize": 309122
    },
    {
      "path": "mods/spark-1.10.124-neoforge.jar",
      "hashes": {
        "sha1": "9430cc2ab64ff89d698be593769fb9f9ee4efae6",
        "sha512": "f86ce34f2759c69df82578c397ff55b666c84626229a98f598458b960c21b38c95d6bfef4772af7f963c4f4868e5e2d9aef6b99c1d51bab55bf45e0e6e6b5ed4"
      },
      "downloads": [
        "https://cdn.modrinth.com/data/l6YH9Als/versions/v5qtqRQi/spark-1.10.124-neoforge.jar",
        "https://mediafilez.forgecdn.net/files/6225/208/spark-1.10.124-neoforge.jar",
        "https://media.forgecdn.net/files/6225/208/spark-1.10.124-neoforge.jar",
        "https://edge.forgecdn.net/files/6225/208/spark-1.10.124-neoforge.jar"
      ],
      "fileSize": 3642581
    },
    {
      "path": "mods/supermartijn642configlib-1.1.8-neoforge-mc1.21.jar",
      "hashes": {
        "sha1": "07452242e389975e8a88b97066f4bae6a4ebe574",
        "sha512": "768d8ca178c5e653986f5131b7aeb7fa57ce7d32c16ed399ced01b273565a2b640130c55c7092747efeff40dbb0348876b18b415f59b0d16dd2c7f32f1798ce2"
      },
      "downloads": [
        "https://cdn.modrinth.com/data/LN9BxssP/versions/qKL9jM75/supermartijn642configlib-1.1.8-neoforge-mc1.21.jar",
        "https://mediafilez.forgecdn.net/files/5546/996/supermartijn642configlib-1.1.8-neoforge-mc1.21.jar",
        "https://media.forgecdn.net/files/5546/996/supermartijn642configlib-1.1.8-neoforge-mc1.21.jar",
        "https://edge.forgecdn.net/files/5546/996/supermartijn642configlib-1.1.8-neoforge-mc1.21.jar"
      ],
      "fileSize": 207514
    },
    {
      "path": "mods/supermartijn642corelib-1.1.18a-neoforge-mc1.21.jar",
      "hashes": {
        "sha1": "21c75db63ca1d8b8972a94a71c9c7ec0549e1be0",
        "sha512": "6f37d2f76928f1421d7ec4f60dead6ad806606f7a25f0545c547316513284f309396b221749328579c76d75a70fdf22e6f953b27abc5c78f2c2d68f2dfa545bb"
      },
      "downloads": [
        "https://cdn.modrinth.com/data/rOUBggPv/versions/I55kQvEh/supermartijn642corelib-1.1.18a-neoforge-mc1.21.jar",
        "https://mediafilez.forgecdn.net/files/6076/757/supermartijn642corelib-1.1.18a-neoforge-mc1.21.jar",
        "https://media.forgecdn.net/files/6076/757/supermartijn642corelib-1.1.18a-neoforge-mc1.21.jar",
        "https://edge.forgecdn.net/files/6076/757/supermartijn642corelib-1.1.18a-neoforge-mc1.21.jar"
      ],
      "fileSize": 518643
    },
    {
      "path": "mods/trading_floor-3.0.9.jar",
      "hashes": {
        "sha1": "bff4e842df2909a7c2de81a6ae49f47c1808b5ce",
        "sha512": "2daee12bbe2620e92cd8003f06327ff46f5d98022bf1ac9e48519ffd14dcbedffb59630bfb1a31901c85e9b2600acbd1d311a62327cd6a29549b21edac7ff778"
      },
      "downloads": [
        "https://cdn.modrinth.com/data/WROfLLvn/versions/QYffRYWy/trading_floor-3.0.9.jar",
        "https://mediafilez.forgecdn.net/files/6647/234/trading_floor-3.0.9.jar",
        "https://media.forgecdn.net/files/6647/234/trading_floor-3.0.9.jar",
        "https://edge.forgecdn.net/files/6647/234/trading_floor-3.0.9.jar"
      ],
      "fileSize": 211452
    },
    {
      "path": "mods/visuality-forge-2.0.5.jar",
      "hashes": {
        "sha1": "def65d9c712ce079a0fb816745f91431e2c2491b",
        "sha512": "05f03f92611578554d53e3fc3f766c6525329e249f51926b34e327034e76f14f0b92f371b1eb1d0c983abcf2bf3b6b36763d9f9e7dba42bca4b739204a786224"
      },
      "downloads": [
        "https://cdn.modrinth.com/data/z13R7Et1/versions/9331fSfU/visuality-forge-2.0.5.jar",
        "https://mediafilez.forgecdn.net/files/5830/760/visuality-forge-2.0.5.jar",
        "https://media.forgecdn.net/files/5830/760/visuality-forge-2.0.5.jar",
        "https://edge.forgecdn.net/files/5830/760/visuality-forge-2.0.5.jar"
      ],
      "fileSize": 112796
    },
    {
      "path": "mods/yeetusexperimentus-neoforge-87.0.0.jar",
      "hashes": {
        "sha1": "7132c346103d75a7c84da64b35b92e3a6f1ce3da",
        "sha512": "cc2dc46dcaa0424c820cb7931fd2ceb3826669934189c011fd1ebd5692cdf7652c725034abec2828bfea2238c9615d6f9c36e3e01e21fc9eb44551eb51e06fe3"
      },
      "downloads": [
        "https://cdn.modrinth.com/data/HaaH232J/versions/Pp0TjcvD/yeetusexperimentus-neoforge-87.0.0.jar",
        "https://mediafilez.forgecdn.net/files/5444/189/yeetusexperimentus-neoforge-87.0.0.jar",
        "https://media.forgecdn.net/files/5444/189/yeetusexperimentus-neoforge-87.0.0.jar",
        "https://edge.forgecdn.net/files/5444/189/yeetusexperimentus-neoforge-87.0.0.jar"
      ],
      "fileSize": 570057
    },
    {
      "path": "mods/[沉浸式传送门] immersive_portals-6.0.7-all.jar",
      "hashes": {
        "sha1": "cfbeca890b281fec20a5c94d6673effb37127129",
        "sha512": "c4b5ce9f5b3f9030cf836adef613e073036b04bbe77f07978872165c142ec88fb8d726ba6e90afd8907b8f5e868b00e0a0efa7613f32c402fcb93ed082a0f828"
      },
      "downloads": [
        "https://cdn.modrinth.com/data/zf4Szzx2/versions/HbBv6YVB/immersive_portals-6.0.7-all.jar",
        "https://mediafilez.forgecdn.net/files/6667/779/immersive_portals-6.0.7-all.jar",
        "https://media.forgecdn.net/files/6667/779/immersive_portals-6.0.7-all.jar",
        "https://edge.forgecdn.net/files/6667/779/immersive_portals-6.0.7-all.jar"
      ],
      "fileSize": 1864746
    },
    {
      "path": "mods/[自定义局域网联机] lanserverproperties-1.13.2-neoforge.jar",
      "hashes": {
        "sha1": "96fa378bcfb822f753366fded4991f1eeba78e21",
        "sha512": "da78b99c43be3e1d5c6864dda74424d5cb575fc9d0b3378165979e76ad360ae8086f01fc7b7ba60c2a8bb11e3c3b90c3f2a89e19b70d1146a8a6c8f7dd97b573"
      },
      "downloads": [
        "https://cdn.modrinth.com/data/SqnBX2qd/versions/C1Wg17Qf/lanserverproperties-1.13.2-neoforge.jar"
      ],
      "fileSize": 44799
    },
    {
      "path": "resourcepacks/FreshAnimations_v1.9.2.zip",
      "hashes": {
        "sha1": "ff18e6a762b87d7e8bad0726ac7d9c153306c6d2",
        "sha512": "97a387112a5a94b0e7f4d0d2439977a9f28579303ad883ed3d0fcc3277357f8b3ab2418960f698d1a5f435903e0b2f82716fc92f8500cac090f900b2d2135dcf"
      },
      "downloads": [
        "https://cdn.modrinth.com/data/50dA9Sha/versions/8vtPih5h/FreshAnimations_v1.9.2.zip",
        "https://mediafilez.forgecdn.net/files/5494/142/FreshAnimations_v1.9.2.zip",
        "https://media.forgecdn.net/files/5494/142/FreshAnimations_v1.9.2.zip",
        "https://edge.forgecdn.net/files/5494/142/FreshAnimations_v1.9.2.zip"
      ],
      "fileSize": 516256
    },
    {
      "path": "mods/arsdelight-2.1.8.jar",
      "hashes": {
        "sha1": "f7275ca2ff70cf5fc2cc550085dca5de5dd4bc5c",
        "sha512": "5aa22c9e8459380f3cf7181b654086b816c44eb101e76e260dc5c00ac3e97c64f27d0b53b8edd53bb8f440c5d998aed7e74cafc765a3adabab1a07f85a04ca74"
      },
      "downloads": [
        "https://mediafilez.forgecdn.net/files/6531/84/arsdelight-2.1.8.jar",
        "https://media.forgecdn.net/files/6531/84/arsdelight-2.1.8.jar",
        "https://edge.forgecdn.net/files/6531/84/arsdelight-2.1.8.jar"
      ],
      "fileSize": 1038007
    },
    {
      "path": "mods/ars_creo-1.21.1-5.1.0.jar",
      "hashes": {
        "sha1": "04b316216debfc9427ee6d38a4382180b2d2003e",
        "sha512": "42c92d33f7ff9f81d9d09b10e1f7a3a96a2673351426798ad4fc6770f7416eceb382022b0079c1d92de71c1af376cae994499292fd6b8cd67b09701555885c5e"
      },
      "downloads": [
        "https://mediafilez.forgecdn.net/files/6279/953/ars_creo-1.21.1-5.1.0.jar",
        "https://media.forgecdn.net/files/6279/953/ars_creo-1.21.1-5.1.0.jar",
        "https://edge.forgecdn.net/files/6279/953/ars_creo-1.21.1-5.1.0.jar"
      ],
      "fileSize": 238375
    },
    {
      "path": "mods/ars_elemental-1.21.1-0.7.3.0.jar",
      "hashes": {
        "sha1": "d17d59cfbf9f454375316785b48666847b2917c5",
        "sha512": "1fc813f219bed1c19cd3ef2eba5786b5741a2f55f0d1483cd08f12ed4fe706b3b097b6962976d8de2259c8d94caddbc9f93b07c8390c74675fa851f7f95d7985"
      },
      "downloads": [
        "https://mediafilez.forgecdn.net/files/6419/81/ars_elemental-1.21.1-0.7.3.0.jar",
        "https://media.forgecdn.net/files/6419/81/ars_elemental-1.21.1-0.7.3.0.jar",
        "https://edge.forgecdn.net/files/6419/81/ars_elemental-1.21.1-0.7.3.0.jar"
      ],
      "fileSize": 1715015
    },
    {
      "path": "mods/ars_monde_lib-0.3.jar",
      "hashes": {
        "sha1": "a34d644e37be75fbc54e0d820bdf04b4e97d53e7",
        "sha512": "cd960778e5d7b61a01409a16ea3172ccf708c8fb2b44113f809b59db90ff04d0e80779f28b559f59e8dbd08ad3e80501dc0400035a87e3893371c0ae215fd493"
      },
      "downloads": [
        "https://mediafilez.forgecdn.net/files/6585/753/ars_monde_lib-0.3.jar",
        "https://media.forgecdn.net/files/6585/753/ars_monde_lib-0.3.jar",
        "https://edge.forgecdn.net/files/6585/753/ars_monde_lib-0.3.jar"
      ],
      "fileSize": 87602
    },
    {
      "path": "mods/ars_technica-1.21.1-2.2.2.jar",
      "hashes": {
        "sha1": "eafb5b25db244e1c27dba6833f1ce8f683056d2e",
        "sha512": "a8c667bf32a4e33d0c427291f3749fa886703b77899ec64ccd1e89299c352bd35262694250104a171c2bcb505fe56118aa108fc74f4dac68cf87c61691c20ec8"
      },
      "downloads": [
        "https://mediafilez.forgecdn.net/files/6650/538/ars_technica-1.21.1-2.2.2.jar",
        "https://media.forgecdn.net/files/6650/538/ars_technica-1.21.1-2.2.2.jar",
        "https://edge.forgecdn.net/files/6650/538/ars_technica-1.21.1-2.2.2.jar"
      ],
      "fileSize": 3440270
    },
    {
      "path": "mods/backpacked-neoforge-1.21.1-3.0.0-beta.12-signed.jar",
      "hashes": {
        "sha1": "d7d41ce8cd967724a6ac0394f2800601645cde82",
        "sha512": "7df7138716375617cd74df02f0ecdef75e9ff274888d26e5e77c82d9a8f70dbb128500bef820ffef4e750ab3aef8972c813ced96f6df8fd3d26e8cc3f34f5620"
      },
      "downloads": [
        "https://mediafilez.forgecdn.net/files/6642/269/backpacked-neoforge-1.21.1-3.0.0-beta.12-signed.jar",
        "https://media.forgecdn.net/files/6642/269/backpacked-neoforge-1.21.1-3.0.0-beta.12-signed.jar",
        "https://edge.forgecdn.net/files/6642/269/backpacked-neoforge-1.21.1-3.0.0-beta.12-signed.jar"
      ],
      "fileSize": 718257
    },
    {
      "path": "mods/createfood-neoforge-1.21.1-2.0.0-beta-2.jar",
      "hashes": {
        "sha1": "7a3bd48560a9e64a738a612f145680ed51667016",
        "sha512": "c3096333e75072e55529346b64a84c4d25adcc17af183b3f5ac396e0c46b285bf32c8fd3de12bf708ab296fd881ab89a363efe013a34c6ed7b8c8ad2edc00045"
      },
      "downloads": [
        "https://mediafilez.forgecdn.net/files/6607/0/createfood-neoforge-1.21.1-2.0.0-beta-2.jar",
        "https://media.forgecdn.net/files/6607/0/createfood-neoforge-1.21.1-2.0.0-beta-2.jar",
        "https://edge.forgecdn.net/files/6607/0/createfood-neoforge-1.21.1-2.0.0-beta-2.jar"
      ],
      "fileSize": 6963369
    },
    {
      "path": "mods/DoctorWhoMod-1.21.1-neoforge-1.0.14.jar",
      "hashes": {
        "sha1": "bad28cbda7b0ced93e5edbc0ccc3c601af0a6c96",
        "sha512": "d105518a2848947ec9b24ca8d4957566202ad3936718d7463ce74b12d42be1c5b38fc1e9752f1cc42b69ab4c93a51b8895b378fd80cf16a70d2dcaeeff3033ad"
      },
      "downloads": [
        "https://mediafilez.forgecdn.net/files/5955/103/DoctorWhoMod-1.21.1-neoforge-1.0.14.jar",
        "https://media.forgecdn.net/files/5955/103/DoctorWhoMod-1.21.1-neoforge-1.0.14.jar",
        "https://edge.forgecdn.net/files/5955/103/DoctorWhoMod-1.21.1-neoforge-1.0.14.jar"
      ],
      "fileSize": 4715199
    },
    {
      "path": "mods/framework-neoforge-1.21.1-0.9.6.jar",
      "hashes": {
        "sha1": "5a6b6c61b856098bfe8c9d35b92638ddbc14da27",
        "sha512": "d6a9338e4c1433cb17e604698e291aaf2e6c176d1d6e698df9946d94550f9b69c5108eb8ccbb6d2d3ea98b24e34786e660f7ac197a8288aadec1c229c6ae89b3"
      },
      "downloads": [
        "https://mediafilez.forgecdn.net/files/6531/439/framework-neoforge-1.21.1-0.9.6.jar",
        "https://media.forgecdn.net/files/6531/439/framework-neoforge-1.21.1-0.9.6.jar",
        "https://edge.forgecdn.net/files/6531/439/framework-neoforge-1.21.1-0.9.6.jar"
      ],
      "fileSize": 312915
    },
    {
      "path": "mods/ftb-chunks-neoforge-2101.1.9.jar",
      "hashes": {
        "sha1": "c597e5c2268c61c08d637ac110e5bb2dc6d7201b",
        "sha512": "5a1dac2fb11b0ecb0019bde8f5e42a769fb2fe9b7a888b6b69faade755116b8d2047d94cf64cc8c4a6829c13f9fb021406b86784adab9e8d4063ef873238812c"
      },
      "downloads": [
        "https://mediafilez.forgecdn.net/files/6504/893/ftb-chunks-neoforge-2101.1.9.jar",
        "https://media.forgecdn.net/files/6504/893/ftb-chunks-neoforge-2101.1.9.jar",
        "https://edge.forgecdn.net/files/6504/893/ftb-chunks-neoforge-2101.1.9.jar"
      ],
      "fileSize": 1083814
    },
    {
      "path": "mods/ftb-library-neoforge-2101.1.14.jar",
      "hashes": {
        "sha1": "d7444137641a1c122a66c6ec506631c11f7e0f59",
        "sha512": "f8909b22973ce7b066a134971cd2f7770914de2632e64c31b50c3ad6b16145ad45cf6e25d5745e93d3a13a443ad78656077dfbe28229e9435164512e811b9bbd"
      },
      "downloads": [
        "https://mediafilez.forgecdn.net/files/6661/421/ftb-library-neoforge-2101.1.14.jar",
        "https://media.forgecdn.net/files/6661/421/ftb-library-neoforge-2101.1.14.jar",
        "https://edge.forgecdn.net/files/6661/421/ftb-library-neoforge-2101.1.14.jar"
      ],
      "fileSize": 888782
    },
    {
      "path": "mods/ftb-library-neoforge-2101.1.15.jar",
      "hashes": {
        "sha1": "de60bf695f9ef8d4e7d1b247177781d5a9ee19bc",
        "sha512": "acbb53606749974893c9f748b96dbc510f0c4684ff0eecaf0846bd64277ce3e9a7597f0f4bfbb9538ff0cc4ef78ed1de3fb70150c2ff36d013ade822da6ebb12"
      },
      "downloads": [
        "https://mediafilez.forgecdn.net/files/6698/124/ftb-library-neoforge-2101.1.15.jar",
        "https://media.forgecdn.net/files/6698/124/ftb-library-neoforge-2101.1.15.jar",
        "https://edge.forgecdn.net/files/6698/124/ftb-library-neoforge-2101.1.15.jar"
      ],
      "fileSize": 889226
    },
    {
      "path": "mods/ftb-quests-neoforge-2101.1.10.jar",
      "hashes": {
        "sha1": "71b2e39dccddc92f6ec00dd994bae752664ad846",
        "sha512": "ac92c1789deecb29bc4fdfc878ed1f9184e78ed2b902b8ae4f9d3bd9c1dd4c9931732a9e0ba99ef66886c0e82460a24f31241efc2b43c3d4fd121c20502f130b"
      },
      "downloads": [
        "https://mediafilez.forgecdn.net/files/6661/413/ftb-quests-neoforge-2101.1.10.jar",
        "https://media.forgecdn.net/files/6661/413/ftb-quests-neoforge-2101.1.10.jar",
        "https://edge.forgecdn.net/files/6661/413/ftb-quests-neoforge-2101.1.10.jar"
      ],
      "fileSize": 1328475
    },
    {
      "path": "mods/ftb-teams-neoforge-2101.1.2.jar",
      "hashes": {
        "sha1": "e9431f3b475359cb487e2f308a363844fee74da4",
        "sha512": "de4c6b880a7dd1d7aae26041f086e0eb262ed06d4fede30744f017e4dd3620718947936638ca65ea1e123bedc4ecf819620218407acd42686bfe08c9470f404f"
      },
      "downloads": [
        "https://mediafilez.forgecdn.net/files/6119/437/ftb-teams-neoforge-2101.1.2.jar",
        "https://media.forgecdn.net/files/6119/437/ftb-teams-neoforge-2101.1.2.jar",
        "https://edge.forgecdn.net/files/6119/437/ftb-teams-neoforge-2101.1.2.jar"
      ],
      "fileSize": 248301
    },
    {
      "path": "mods/gravestone-neoforge-1.21.1-1.0.24.jar",
      "hashes": {
        "sha1": "1b4ef0dda54f0f3df45dabd49e61c81a46b01eb0",
        "sha512": "2b42e8b6985a363251aaf87458cf8079d4a46f05ffea50d89d249953c1d731550c02d6c2a6d71f5bc5049663f091b9e91c9002ab07a1dbdab638f432f1d10f5d"
      },
      "downloads": [
        "https://mediafilez.forgecdn.net/files/5794/85/gravestone-neoforge-1.21.1-1.0.24.jar",
        "https://media.forgecdn.net/files/5794/85/gravestone-neoforge-1.21.1-1.0.24.jar",
        "https://edge.forgecdn.net/files/5794/85/gravestone-neoforge-1.21.1-1.0.24.jar"
      ],
      "fileSize": 317431
    },
    {
      "path": "mods/journeymap-neoforge-1.21.1-6.0.0-beta.51.jar",
      "hashes": {
        "sha1": "73fb47002a95eb9c9040814c2d99c0d4850e2328",
        "sha512": "9b613cb5afbc89efac14de162c1c20ca102b84d91181952561217c869cb32593b43b0f1898ab9634ee5b9e6aad1dc3d3c2a990aeab253f8fdcb1775a8825835a"
      },
      "downloads": [
        "https://mediafilez.forgecdn.net/files/6676/564/journeymap-neoforge-1.21.1-6.0.0-beta.51.jar",
        "https://media.forgecdn.net/files/6676/564/journeymap-neoforge-1.21.1-6.0.0-beta.51.jar",
        "https://edge.forgecdn.net/files/6676/564/journeymap-neoforge-1.21.1-6.0.0-beta.51.jar"
      ],
      "fileSize": 3500931
    },
    {
      "path": "mods/portalgems-1.0.1.jar",
      "hashes": {
        "sha1": "244be8ba8d5ff515d56666cedb3956f5283d07ef",
        "sha512": "771388e24887488eaa2d9ed094bb2ad26baaf18a2fd50321e8bee1af7c8527a6488f9283f5752932367dbef54761aeb392aae4a20986b2abce5b8f583a29e9ea"
      },
      "downloads": [
        "https://mediafilez.forgecdn.net/files/6646/729/portalgems-1.0.1.jar",
        "https://media.forgecdn.net/files/6646/729/portalgems-1.0.1.jar",
        "https://edge.forgecdn.net/files/6646/729/portalgems-1.0.1.jar"
      ],
      "fileSize": 33894
    },
    {
      "path": "mods/rhino-2101.2.7-build.74.jar",
      "hashes": {
        "sha1": "385b95ab5fb177dfa4f2868ef7b88a2d766bffeb",
        "sha512": "d38b63d24c68ff9c678d9b1f12a3f0df918a9cc6dc7c5b18956a08357a59e023a1da2ab2fb92c56805df840ec3f7b1c45169f50c46a77f85bc6ab3d460c637be"
      },
      "downloads": [
        "https://mediafilez.forgecdn.net/files/6184/623/rhino-2101.2.7-build.74.jar",
        "https://media.forgecdn.net/files/6184/623/rhino-2101.2.7-build.74.jar",
        "https://edge.forgecdn.net/files/6184/623/rhino-2101.2.7-build.74.jar"
      ],
      "fileSize": 874323
    },
    {
      "path": "mods/starbunclemania-1.21.1-1.4.0.1.jar",
      "hashes": {
        "sha1": "7ee726667df98df5551608ec498bf0e73bab0b37",
        "sha512": "32781765950a7ed4800f5aa4a573a1f718637d7b011d63c3f7e2c7b2029c08850d7fb2bab7fb01948eb893720d90b90975203ec858722e45a850152cf6c3b32f"
      },
      "downloads": [
        "https://mediafilez.forgecdn.net/files/6646/495/starbunclemania-1.21.1-1.4.0.1.jar",
        "https://media.forgecdn.net/files/6646/495/starbunclemania-1.21.1-1.4.0.1.jar",
        "https://edge.forgecdn.net/files/6646/495/starbunclemania-1.21.1-1.4.0.1.jar"
      ],
      "fileSize": 509381
    },
    {
      "path": "mods/TerraBlender-neoforge-1.21.1-4.1.0.8.jar",
      "hashes": {
        "sha1": "2016eed89eac0eb0510d2190c3b0b80bf4346191",
        "sha512": "d51720b21b4cdaeaf962416575f27209219941b8a0067b0bccab478227f32ad9d91a2b94469925bb7b810ffb446d15b02a5381a5425b3f54739f2f174034870e"
      },
      "downloads": [
        "https://mediafilez.forgecdn.net/files/6054/947/TerraBlender-neoforge-1.21.1-4.1.0.8.jar",
        "https://media.forgecdn.net/files/6054/947/TerraBlender-neoforge-1.21.1-4.1.0.8.jar",
        "https://edge.forgecdn.net/files/6054/947/TerraBlender-neoforge-1.21.1-4.1.0.8.jar"
      ],
      "fileSize": 120364
    },
    {
      "path": "mods/[连锁破坏] ftb-ultimine-neoforge-2101.1.3.jar",
      "hashes": {
        "sha1": "17b0410cee7781d63349a5ea97c8aae3b8ba53c6",
        "sha512": "b954de414117ba67f5b442a74da5e4c544ccd87307af00ee0be55ad7a9c9e18c7b3b7ee8c2aeef182b018d05ee0053870845eef8aef3d3106c1b9003e64e248c"
      },
      "downloads": [
        "https://mediafilez.forgecdn.net/files/6607/451/ftb-ultimine-neoforge-2101.1.3.jar",
        "https://media.forgecdn.net/files/6607/451/ftb-ultimine-neoforge-2101.1.3.jar",
        "https://edge.forgecdn.net/files/6607/451/ftb-ultimine-neoforge-2101.1.3.jar"
      ],
      "fileSize": 150063
    }
  ],
  "dependencies": {
    "minecraft": "1.21.1",
    "neoforge": "21.1.172"
  }
}