{
	"credit": "Made with Blockbench",
	"textures": {
		"1": "kubejs:item/tung_tung"
	},
	"elements": [
		{
			"from": [7.25, 0, 7.25],
			"to": [8.75, 4, 8.75],
			"rotation": {"angle": 0, "axis": "y", "origin": [6.75, 0, 6.75]},
			"faces": {
				"north": {"uv": [8, 0, 9.5, 4], "texture": "#1"},
				"east": {"uv": [8, 4, 9.5, 8], "texture": "#1"},
				"south": {"uv": [8, 8, 9.5, 12], "texture": "#1"},
				"west": {"uv": [10, 0, 11.5, 4], "texture": "#1"},
				"up": {"uv": [1.5, 13.5, 0, 12], "texture": "#1"},
				"down": {"uv": [13.5, 0, 12, 1.5], "texture": "#1"}
			}
		},
		{
			"from": [7.1, 4, 7.1],
			"to": [8.9, 9, 8.9],
			"rotation": {"angle": 0, "axis": "y", "origin": [6.75, 4, 6.75]},
			"faces": {
				"north": {"uv": [0, 7, 2, 12], "texture": "#1"},
				"east": {"uv": [2, 7, 4, 12], "texture": "#1"},
				"south": {"uv": [4, 7, 6, 12], "texture": "#1"},
				"west": {"uv": [6, 7, 8, 12], "texture": "#1"},
				"up": {"uv": [12, 6, 10, 4], "texture": "#1"},
				"down": {"uv": [12, 6, 10, 8], "texture": "#1"}
			}
		},
		{
			"from": [6.95, 9, 6.95],
			"to": [9.05, 16, 9.05],
			"rotation": {"angle": 0, "axis": "y", "origin": [6.75, 10, 6.75]},
			"faces": {
				"north": {"uv": [0, 0, 2, 7], "texture": "#1"},
				"east": {"uv": [2, 0, 4, 7], "texture": "#1"},
				"south": {"uv": [4, 0, 6, 7], "texture": "#1"},
				"west": {"uv": [6, 0, 8, 7], "texture": "#1"},
				"up": {"uv": [12, 10, 10, 8], "texture": "#1"},
				"down": {"uv": [12, 10, 10, 12], "texture": "#1"}
			}
		}
	],
	"gui_light": "front",
	"display": {
		"thirdperson_righthand": {
			"translation": [0, 6, 1.75]
		},
		"thirdperson_lefthand": {
			"translation": [0, 6, 1.75]
		},
		"firstperson_righthand": {
			"rotation": [-7, 0, 0],
			"translation": [3.25, 3.75, 0],
			"scale": [0.75, 0.75, 0.75]
		},
		"firstperson_lefthand": {
			"rotation": [-7, 0, 0],
			"translation": [3.25, 3.75, 0],
			"scale": [0.75, 0.75, 0.75]
		},
		"ground": {
			"rotation": [2, 57, 47],
			"translation": [0, 3, 0]
		},
		"gui": {
			"rotation": [13.67, 24.83, -46.98],
			"translation": [0, -0.25, 0]
		},
		"fixed": {
			"rotation": [0, 0, 45],
			"scale": [1.5, 1.5, 1.5]
		}
	}
}